aegon_male = { Aegon Bearaxes Bearlerion Beargar }
alec_male = { Alec Alek Alekyne }
alesander_male = { Alesander Alesandor }
alfred_male = { Alfred Alfryd }
alyn_male = { Alan Alyn }
alys_female = { Alyce Alys Alyse }
anson_male = { Ansen Anson }
arnel_male = { Arnel Arnell }
arron_male = { Aron Arron }
arthur_male = { Arthor Arthur }
arwyn_female = { Arwen Arwyn }
axel_male = { Axel Axell }
baldrick_male = { Baldric Baldrick }
bennifer_male = { Benifer Bennifer }
boros_male = { Boros Borros Boras }
bryan_male = { Bryan Bryen Bryon }
brynden_male = { Brynden Bryndon Brandon Branden Bran Bryn }
byron_male = { Byren Byron }
cedric_male = { Cedric Cedrik }
clayton_male = { Clayton Cleyton }
cortnay_male = { Cortnay Courtenay }
corwyn_male = { Corwin Corwyn }
craghorn_male = { Craghorn Cragorn }
daryn_male = { Dorren Durran Darren Doran Darran Daryn Dareon Darion Darrion Darian Darrian Darien Darrien }
denys_male = { Dennis Denys Donnis }
dermot_male = { Dermett Dermot }
devan_male = { Devan Devon Devyn }
donnel_male = { Donal Donnel Dannel Danel }
dyanna_female = { Dyana Dyanna Diana Dianna Deana Deanna }
edric_male = { Edric Edrick Elric Elrick Eldric Eldrik Eldrick Elderrik }
ellyn_female = { Ellyn Elyn Ellin Elin }
elyas_male = { Elias Elyas }
emerick_male = { Emerick Emrick }
erryk_male = { Erich Erick Erryk }
erwin_male = { Erwin Irwen }
floris_female = { Floris Florys }
garrett_male = { Garett Garrett Gareth Gared }
gerold_male = { Gerald Gerold }
gilbert_male = { Gilbert Gylbert }
gwin_female = { Gwin Gwyn }
harlan_male = { Harlan Harlen Harlon }
harmon_male = { Harmen Harmon }
harrold_male = { Harrald Harrold Harrion Harren Harran Harrian Harron Harry }
harwin_male = { Harwin Harwyn }
horas_male = { Horas Horys Urras }
humfrey_male = { Humfrey Humphrey }
igon_male = { Igon Ygon }
jocelyn_female = { Jocelyn Joselyn }
jon_male = { John Jon Yohn Yon Jonothor }
lothar_male = { Lothar Lothor Luthor }
lyanna_female = { Lianna Lyanna Lyanne Lianne Leana Leanna Leona Leonna Lya }
manfred_male = { Manfred Manfryd }
marq_male = { Mark Marq }
matthos_male = { Mathos Matthos Mathis }
morgan_male = { Morgan Morgon }
mya_female = { Maia Mya }
olyvar_male = { Olyvar Olyver Olymer }
ormund_male = { Ormond Ormund }
patrek_male = { Patrek Patrik Patrick }
petyr_male = { Peter Petyr }
qarl_male = { Karl Qarl }
qhorin_male = { Qhorin Qoren }
quenton_male = { Quenten Quentin Quenton Quentyn Quent }
qyle_male = { Kyle Qyle }
ralf_male = { Ralf Ralph }
raymund_male = { Raymond Raymund }
richard_male = { Richard Rycherd Rickard Rikard Rickon Ryckon Dickard Dickon }
#rickon_male = { Rickon Ryckon }
#robin_male = { Robin Robyn }
rodrik_male = { Roderick Rodrick Roderik Rodrik }
rogar_male = { Rogar Roger }
roland_male = { Roland Rolland }
rolfe_male = { Rolfe Rolph }
ronnel_male = { Ronel Ronnal Ronnel }
ryon_male = { Ryan Ryon }
sarra_female = { Sara Sarra Sera Serra Sarah Serah Sarrah Serrah }
silas_male = { Silas Sylas }
simon_male = { Simon Symon Simond Symond }
thomas_male = { Thomas Tomas }
tommard_male = { Tomard Tommard }
triston_male = { Tristan Tristen Triston Trystane }
uthor_male = { Uther Uthor }
wallace_male = { Wallace Walys }
walter_male = { Walter Waltyr }
warryn_male = { Warren Warryn }
wendel_male = { Wendel Wendell }
whalen_male = { Whalen Whalon }
willam_male = { Willam Willem Willum William Will Willy Bill Billy }
willas_male = { Willas Willis Wylis Wyl }

#SUNDRY added

#Male
aemond_male = { Aemond Aemon }
vaemond_male = { Vaemond Vaemon }
rhaegar_male = { Rhaegar Rhogar }
matarys_male = { Matarys Monterys }
aurion_male = { Aurion Aurane Arhane }
daemon_male = { Daemon Daemion }
laemond_male = { Laemond Laemon }
alliser_male { Alliser Alester Alastor }
maric_male = { Maric Marek }
desmond_male = { Desmond Desmyn Desmon Desmynd }
hallis_male = { Hallis Halys Hal }
gaven_male = { Gaven Gawen Gavin Gawin }
eddard_male = { Eddard Ned }
robert_male = { Robert Robard Robar Robett Robin Robyn Robb Rob }
mickon_male = { Mickon Mikken }
timotty_male = { Timotty Tim Tym }
beron_male = { Beron Beren }
torrhen_male = { Torrhen Thorren Torren Torghen }
connold_male = { Connold Conn }
edmund_male = { Edmund Ben }
donnor_male = { Donnor Denner }
garland_male = { Garland Garlan }
lucas_male = { Lucas Lucos }
lucamore_male = { Lucamore Lucimore }
lucan_male = { Lucan Lucian }
damon_male = { Damon Damion }
michael_male = { Michael Michel Mychel Mychal }
urrigon_male = { Urragon Urrigon Urri }
jonos_male = { Jonos Janos }
arryk_male = { Arryk Arrec }
hoster_male = { Hoster Hos }
jacks_male = { Jacks Jax }
daven_male = { Daven Davyn }
steffon_male = { Steffon Stevyn }
maron_male = { Maron Maran }
kevan_male = { Kevan Cavan }
jaroth_male = { Jaroth Jarett Jared }
hother_male = { Hother Hothor }
lyonel_male = { Lyonel Lonnel Lenyl }
barthogan_male = { Barthogan Barth }
jeor_male = { Jeor Jore }
joron_male = { Joron Jeren }
creylen_male = { Creylen Crey }

#Female
helaena_female = { Helaena Elaena Laena }
elaenora_female = { Elaenora Aelinor }
rhaella_female = { Rhaella Rhaelle }
marcella_female = { Marcella Marcela Marcylla Marcyla Marcilla Marcila Myrcela Myrcella Myrcala Myrcalla }
talia_female = { Talia Thalia Talea Thalea Taliah Thaliah Taleah Thaleah }
serena_female = { Serena Serenna Sarena Sarenna Serana Seranna Sorana Soranna Sorena Sorenna Syrana Syranna Syrena Syrenna Syrona Syronna Seraena Seryna }
farana_female = { Farana Faranna Firana Firanna Fadrana Fadranna Fidrana Fidranna Fyrana Fyranna Fydrana Fydranna }
seria_female = { Seria Serria Seriah Serriah Saria Sarria Sariah Sarriah Syrea Syrrea Syreah Syrreah Sarea Sarrea Sareah Sarreah Serea Serrea Sereah Serreah }
serala_female = { Serala Seralla Sarala Saralla Syrala Syralla Serela Serella Sarela Sarella Syrela Syrella }
triana_female = { Triana Trianna Tryana Tryanna Triena Trienna Tryena Tryenna }
mera_female = { Mera Merah Merra Merrah Mara Marah Marra Marrah Meera Meerah Mira Mirra Mirah Mirrah }
mariah_female = { Mariah Marya Morya Maryam Mariya Myriah }
rhalla_female = { Rhalla Ralla Roelle }
rhana_female = { Rhana Rhanna Rhena Rhenna Rana Rena Ranna Renna Reana Reanna }
rhea_female = { Rhea Rea }
shena_female = { Shana Shena }
sheira_female = { Shiera Sheira Shyra }
elia_female = { Elia Ellia Elya Ellya }
clarisse_female = { Clarisse Clarissa }
aliandra_female = { Aliandra Alyandra Aliandre Alyandre }
alyssa_female = { Alyssa Alyssia Alyssea }
allyria_female = { Allyria Alyria Allyriah Alyriah Allyrea Alyrea Allyreah Alyreah Alerie Aleria }
ysabel_female = { Ysabel Ysabela Ysabella Ysabaela Ysabaella Isabel Isabela Isabella Isabaela Isabaella }
jyzene_female = { Jyzene Jyzena Jyzenia Jyzenea }
zia_female = { Zia Ziah Zea Zeah Zhea Zheah Zaea Zaeah Zhaea }
delonne_female = { Delonne Delonna Delonnia Delonniah Delonia Deloniah Delonea Deloneah }
coryanne_female = { Coryanne Corianne Coryanna Corianna }
arianne_female = { Arianne Aryanne Arianna Aryanna Ariana Aryana }
ilyanna_female = { Ilyanna Ilianna }
gentyana_female = { Gentyana Gentiana }
iryanna_female = { Iryanna Irianna Iryana Iriana }
alethea_female = { Alethea Alethya }
anya_female = { Anya Anyah Ania Aniah Anea Aneah }
byanna_female = { Byanna Bianna Byana Biana Byannah Biannah Byanah Bianah }
liandra_female = { Liandra Leandra Lyandra Laendra Liandre Leandre Lyandre Laendre }
melane_female = { Melane Melana Melaen }
annelys_female = { Annelys Annelis }
amarys_female = { Amarys Amaris }
aldarea_female = { Aldarea Aldareah Aldaria Aldariah }
eroeh_female = { Eroeh Eroe Ero }
essela_female = { Essela Essella Esela Esella Esellah Esselah Eselah }
kiera_female = { Kiera Kiara Kyera Kyara Keira Kaira Keyra Kayra }
maelis_female = { Maelis Maelissa }
maeris_female = { Maeris Maerissa }
tanda_female = { Tanda Tana Tanna }
lemore_female = { Lemore Lemora }
eliana_female = { Eliana Elliana Elyana Ellyana }
tiaelle_female = { Tiaelle Tiaella Tielle Tiella }
tanselle_female = { Tanselle Tanselia Tansella }
belandra_female = { Belandra Belandre }
melisandre_female = { Melisandre Melisandra }
belenna_female = { Belenna Bellona }
ermesande_female = { Ermesande Ermesanda Irmesande Irmesanda Armesande Armesanda }
dorela_female = { Dorela Dorella }
elora_female = { Elora Elara }
sylva_female = { Sylva Silva }
sylvenna_female = { Sylvenna Silvenna }
area_female = { Area Aria Arya Arrya Aereah Areah Ariah Erea Erya Errya Ereah Iria Irria Irea Irrea Ireah Irreah }
mirelle_female = { Mirelle Mireille Mirella }
ashara_female = { Ashara Ashera Ashira Ashyra Ashaera }
susenya_female = { Susenya Susenia }
emyria_female = { Emyria Emyra }
mysaria_female = { Mysaria Mysaera }
soleia_female = { Soleia Solaea Solea }
desmera_female = { Desmera Desmaera Desmyra }
daria_female = { Daria Darea Daera Dorea Doreah Darya }
adana_female = { Adana Adaena }
adara_female = { Adara Adaera }
corenna_female = { Corenna Cyrenna }
moelle_female = { Moelle Maella }
amarei_female = { Amarei Amerei Ami }
elinor_female = { Elinor Eleanor Alinor Elynor Elinore Elynore Alynore }
ros_female = { Ros Roslin }
alysanne_female = { Alysanne Alysane Aly }
alybeth_female = { Alybeth }
bethany_female = { Bethany Betha Beth }
branna_female = { Branna Branda Brenna Brenda }
sansa_female = { Sansa Sanesa }
nolla_female = { Nolla Nella }
melissa_female = { Melissa Melisa Melessa Melesa Malessa Malesa Mylessa Mylesa }
freyda_female = { Freyda Fryda }